product|catalogue
T8T5HW4PN78IK5O|SUMMER15
T9V2ZS6SH44OT7F|WINTER14
E2R4OK4AE52YF8A|WINTER14
Q2D5NQ4RH99XV1G|FALL14
H8S6NF1RO86OT5E|FALL14
U4B3YW7RV29AY7V|SPRING15
W1R5GU9ZW84QH3W|SPRING15
U2E7HE9MR65SB7O|SPRING15
E3U9VA1YC59TF5X|SPRING15
Q1R1DW3EU88SU4K|SPRING15
N3J9TX2UB75TP7H|FALL14
L8U8HL1MK56TA9A|FALL14
E8C4YA3SA57FQ6A|FALL14
C3S8EO7CQ16XH3S|WINTER14
D8X8YU1UH68DD6G|FALL14
Y5T8YO1HE75CF1H|WINTER14
H8X3AK5DM26TF6C|FALL14
K7T2VQ3VK78AT1H|FALL14
B6X2JK7SI81OW6Y|FALL14
S7W3FF1GX32BC8Y|WINTER14
Y9P7BM6SF75OG5A|WINTER14
P5T3SC5SA91DY4K|FALL14
B8K3EU2JE78OM1J|SUMMER15
G9E4LM2LZ52EX9N|SUMMER15
G7S2PS4TG97DF5U|WINTER14
K9B5QN7SE54AQ6S|FALL14
B5K5EB6QG84GW5W|SUMMER15
E3P4YO5OJ82ZO1L|SPRING15
H5Y5RE7NS43RW4H|WINTER14
U5A3HL6EG33ZH2K|SUMMER15
I6T5GG9OQ18BN1P|SPRING15
H6W5SI7KX91WE5F|FALL14
W3F6ZN4MQ76SJ6Q|FALL14
X8Q1KZ4GG39JB7X|WINTER14
V1L6TB8RQ74LN3F|SPRING15
G3D2CX3MR33ZT8R|SUMMER15
P7G8SF7OF75BA6O|WINTER14
G1G6RM4YH42RI4Q|SPRING15
K1S2IT5DQ58CT4V|SPRING15
M2D6WJ8HF86JS1H|WINTER14
F7O3GU3TC18OE4D|SPRING15
E4D6XX9RY36RC3Q|SUMMER15
K4M5QT5HF29GH5B|SUMMER15
X5M5DF8LM47UL6P|SUMMER15
R5F1KR1AF53RS8V|SUMMER15
E9G9OX1KE66CB2R|FALL14
F2W4VO9QR88EB4J|SPRING15
J8O9XR3VN23SL4M|SPRING15
Q9X9NI9QJ84AZ4Z|WINTER14
O6K2YA5WA23PY2I|SUMMER15
P1F7XO4EO18LH6O|SPRING15
I8Y8PH6XO53KS1W|SUMMER15
W9A9JS3ZF37OX8E|SUMMER15
V8X4HY9QS12CX8S|SPRING15
N3B9XV5UX64MD2N|FALL14
X7O7NR5RR21TD5A|SUMMER15
Y2R2VM5FB98JZ8H|SPRING15
L9M2WN2XT83VH4X|FALL14
Y8B3UL1PY93YK6E|SPRING15
U6X4KE9MA55LU9O|SUMMER15
X2X7LC5NO42QZ1W|SPRING15
L8R4QV8RS66VG3Z|SPRING15
M8U5BT4CM84MR5Y|SUMMER15
K6H7TA1KK45RX8O|WINTER14
H8A8DC9DW93AG9M|FALL14
N3F2TY2QP23MP3N|WINTER14
N3Y2EP9DO24SJ6H|WINTER14
F3X4XV9IW78GG4Z|SUMMER15
S6C3II4ZB28MA6Z|FALL14
K1X6NR7VY56FR5T|FALL14
K9L4UF9SB46IB8G|FALL14
K1L3DA5DZ61GY3C|WINTER14
I7X9HU7ZB61RH3R|SUMMER15
W4N6RJ6BH51MV3M|SPRING15
X8R9UL7CL25UD6G|FALL14
I8S5QX3GR44HR7U|FALL14
A2Y4XP9RJ99SY3O|FALL14
M2E6ZI2HO42DX8Y|FALL14
W9B7FY1MF35VR7T|WINTER14
J2F3WZ6TT91ZV4L|FALL14
Y1Y9ZI9HB42IJ4P|SUMMER15
L4Z2ZJ5OP62OY5C|WINTER14
F8D2LV6JH89LI7M|SPRING15
M7L9UT9LS22AD1P|FALL14
C8X7XS3YG25IG6R|SPRING15
Q3W8VN4TN16ZW7W|SUMMER15
Q4G9RO6AC37LD9Z|FALL14
S1P5RN7XL57XS5I|SUMMER15
G9N5LS3RN81ZY7U|SPRING15
F7Q8DD9CT64RG1D|SUMMER15
Y2S1CP9WG92FJ7B|SUMMER15
I1I8MB5NQ41AE5D|SUMMER15
W3N9VK7ZM64VY1P|SPRING15
Y6S5WX3QJ99ZV4K|SUMMER15
K4Q9JL2WR27CQ6T|WINTER14
H8G1MR5XG99MJ9O|FALL14
Q3H1YL5LE33XN9W|SUMMER15
B7H7QR5XD34CF4C|WINTER14
H9X4QW7CU64KF1Y|SUMMER15
Z7V8ZQ1RY68GL4N|WINTER14