id|firstname|lastname|email|phone
1|Lucian|Bolton|Sed.nunc.est@euturpis.co.uk|0800 155 4601
2|Dorothy|Anthony|vitae@dignissim.org|0990 504 7165
3|Cruz|Byers|eleifend.non.dapibus@tempor.ca|(016977) 6083
4|Ursula|Thompson|nec.malesuada@nisl.org|07902 551046
5|Dana|Mason|auctor@sedliberoProin.net|0866 605 8513
6|Stuart|Becker|sagittis@molestie.net|0845 46 44
7|Nichole|Hayes|arcu.Aliquam@dui.edu|(021) 2892 7251
8|Keelie|Ratliff|ante.bibendum.ullamcorper@aaliquetvel.edu|056 7859 9522
9|Lael|Mcclain|scelerisque.scelerisque@Integerinmagna.ca|0392 858 8092
10|Ivory|Hansen|sit@Pellentesqueultriciesdignissim.net|056 9224 8785
11|Cyrus|Hansen|eu@Cras.com|0352 285 1294
12|Lael|Lowe|Donec.elementum@metusAenean.net|0845 46 43
13|Kylynn|Cotton|dignissim@sociis.net|0845 46 48
14|Blossom|Weaver|dolor.dolor.tempus@eusemPellentesque.ca|(0114) 681 3645
15|Patrick|Gill|vitae@etcommodoat.co.uk|070 2214 1379
16|Catherine|Lindsey|fringilla.est@enimNunc.com|0876 084 7213
17|Vance|Keller|nec@quam.co.uk|(029) 6392 0472
18|Perry|Delacruz|dictum.magna.Ut@musAenean.com|070 5232 2279
19|Astra|Cooke|ac@risus.com|0960 402 6417
20|Jameson|Stanton|nunc.interdum@Nuncsed.net|(01767) 68078
21|Cora|Stuart|sagittis@nequenon.co.uk|(013880) 34765
22|Aladdin|Barber|Vivamus@Aliquam.net|0800 227763
23|Sonia|Middleton|et.netus@acmattisornare.com|(0111) 969 5878
24|Mercedes|Kaufman|tristique@apurus.ca|(01224) 80266
25|Brent|Cash|egestas@uteros.ca|056 2802 1903
26|Shelley|Mcbride|lorem@nonluctus.net|07811 287989
27|Geraldine|Donaldson|in.cursus@urnaUt.com|0819 748 8103
28|Jael|Barker|nec.diam@vehiculaaliquetlibero.ca|0800 1111
29|Jackson|Vasquez|amet@dignissimpharetraNam.edu|(016130) 70736
30|Adara|Jacobs|a@pedeSuspendisse.co.uk|07747 809400
31|Ursula|Cervantes|imperdiet.nec@odiovelest.ca|07211 447347
32|Claire|Huber|sem.ut.dolor@felisadipiscingfringilla.edu|(01773) 48380
33|Sybill|Tyler|ridiculus.mus.Donec@placerategetvenenatis.ca|076 8902 5450
34|Graham|Clay|vulputate@nibhenim.ca|(01705) 963249
35|Elijah|Craig|Nulla.tincidunt.neque@quam.org|0845 46 43
36|Dylan|Watts|Morbi@erosnectellus.com|(0112) 969 4905
37|Kylan|Montoya|Aenean@sempercursus.org|0849 673 3552
38|Lara|Porter|luctus@loremauctor.edu|070 6696 3564
39|Honorato|Mercado|diam.Pellentesque.habitant@Quisqueimperdieterat.ca|055 5505 7263
40|Hedwig|Huff|facilisis@Craseget.ca|0845 46 49
41|Sean|Mcgee|dolor.Donec@lacus.co.uk|0845 46 47
42|Jane|Bridges|nec.luctus@ullamcorperDuiscursus.net|076 7451 6061
43|Lesley|Andrews|est.vitae@et.edu|07624 581093
44|Gay|Valenzuela|Suspendisse.aliquet.sem@ullamcorpereu.ca|0859 300 2792
45|Keaton|Ford|Suspendisse@ategestas.ca|070 1878 3212
46|Raymond|Trujillo|pede@et.com|(020) 4245 8853
47|Orlando|Allen|eu.elit@gravidasagittisDuis.ca|056 0827 1140
48|Louis|Cox|non.massa@lacus.edu|(01346) 968095
49|Rogan|Shaffer|sagittis.felis@metusAeneansed.org|0500 605327
50|Susan|Ray|lorem.luctus@enim.co.uk|0879 832 3613
51|Kaseem|Stevenson|condimentum@Duiselementum.net|(0110) 419 7800
52|Ignacia|Crawford|Duis@nuncinterdum.net|(022) 8428 3738
53|Dahlia|Pennington|tellus.Suspendisse@idanteNunc.com|055 6158 8397
54|Tanner|Chavez|Nulla.interdum@velit.org|(016977) 7911
55|Bruce|Pena|ultrices@tacitisociosqu.org|055 1910 1709
56|Sacha|Leonard|tristique.senectus@rutrum.co.uk|0950 351 6392
57|Giacomo|Lindsay|purus@Loremipsumdolor.net|(016977) 6592
58|Tucker|Brennan|dictum.Phasellus.in@diam.edu|0800 1111
59|Winifred|Floyd|hendrerit@Integervulputaterisus.com|(016977) 9707
60|Gail|Glenn|eu.augue@condimentumeget.org|0800 579 0606
61|Macaulay|Reed|justo.sit@liberolacusvarius.edu|(0112) 939 5832
62|Declan|Le|tempus.scelerisque.lorem@tinciduntnequevitae.edu|070 6216 6992
63|Vera|Stanley|urna.suscipit@tempus.com|(0111) 346 4712
64|Ima|Wiley|enim.consequat@elementumpurusaccumsan.edu|(016977) 3962
65|Paki|Little|enim.commodo@vitaesodalesnisi.org|(016977) 8063
66|Lynn|Douglas|Aliquam.adipiscing@at.net|07858 927813
67|Dominique|Stanley|et.tristique.pellentesque@nonante.net|0500 167398
68|Iris|Keller|Nulla@ultricesposuere.edu|076 2312 5666
69|Jeanette|Mckay|quis.pede.Praesent@tempuslorem.ca|0800 1111
70|Hasad|Berger|vehicula.Pellentesque@nislNullaeu.edu|056 2320 4671
71|Eugenia|Bryan|pede.malesuada@atauctor.ca|(0110) 251 3873
72|Suki|Franks|nec@duinec.org|0800 571339
73|Carl|Pennington|massa@pharetrasedhendrerit.ca|0500 595275
74|Lara|Dale|lectus@dolorvitae.net|0800 300105
75|Price|Parrish|egestas.rhoncus@Donec.org|(029) 7156 4832
76|Juliet|Stein|at@enimdiamvel.co.uk|(016977) 8149
77|Chester|Harper|eleifend.non.dapibus@Donecporttitortellus.edu|(0101) 569 1596
78|Kato|Yang|Sed.nec.metus@sitamet.co.uk|(01460) 40077
79|Colleen|Moran|egestas.urna@etipsum.org|(01396) 47389
80|Mia|Adkins|ligula.Donec.luctus@risus.ca|076 3871 9601
81|Kelsey|Moss|ipsum.dolor.sit@Nuncquisarcu.org|055 2135 3722
82|Emily|Copeland|tellus.Suspendisse@maurisid.org|056 4086 0266
83|Constance|Briggs|rhoncus@congue.ca|07835 420920
84|Tara|Humphrey|Proin@et.com|07624 480089
85|Alana|Beasley|dolor.tempus@Suspendisse.net|(029) 2187 3454
86|Camilla|Campos|Sed.pharetra@quis.co.uk|0821 129 6247
87|Caldwell|Bond|Phasellus@Duisa.com|(01802) 33110
88|Sara|Maldonado|justo.Praesent.luctus@erosnec.org|0800 1111
89|Sacha|Bentley|nisl.Quisque@Praesenteunulla.org|0309 920 8010
90|Travis|Combs|semper@eleifendnuncrisus.co.uk|0800 985 6294
91|Chancellor|Witt|nulla.Integer.urna@condimentumeget.ca|0800 1111
92|Fritz|Hopkins|Nunc@luctus.ca|(014849) 66899
93|Judah|Morgan|elementum.dui.quis@aliquamadipiscing.org|056 7561 0120
94|Justina|Andrews|dictum.sapien.Aenean@tempusnonlacinia.org|(017434) 00794
95|Jackson|Fox|Nullam.suscipit.est@Duisdignissim.net|(0113) 722 5978
96|Axel|Hardin|mattis@Class.edu|0874 377 7674
97|Keely|Oneil|interdum.ligula.eu@aliquet.org|(0117) 447 3586
98|Aristotle|Hodge|sem.ut.cursus@Quisque.net|0800 238371
99|Medge|Taylor|sed.turpis.nec@Curabitur.co.uk|056 0464 5440
100|Hedley|Odonnell|Cras.eget.nisi@egestasDuis.org|0800 597221